id,email,full_name,gender
59866fb8840fe0000b234493,xking2683@yahoo.com,Robert Sanders,M
59867137078d11000a1462e2,jeffery332612@gmail.com,Michael Stone,F
598678c9840fe0000b2344b1,catherine142498@gmail.com,Henry Nelson,F
59867b37078d11000a1462fb,uparker2499@humphrey.org,Stacy Thomas,M
59867ba8078d11000a146300,nathanbrown2559@yahoo.com,Sarah Avila,F
59867dd0078d11000a146310,amy582460@yahoo.com,Stephen Anderson,F
598683ac078d11000a14631e,arthur792645@hall.com,,F
598687ba840fe0000b2344e5,kchandler2535@hotmail.com,Whitney Sexton,F
59869008078d11000a146335,ginacastaneda2731@yahoo.com,Robert Jimenez,M
59869064078d11000a146339,jenniferweber2536@hotmail.com,Emily Jackson,F
598693c7078d11000a14633f,jonessamantha2560@hotmail.com,Drew Nichols,F
59869957078d11000a146357,garyallen2646@hotmail.com,Luis Hanson,M
598699c8078d11000a14635d,sandy392461@hotmail.com,Shane Adams,F
5986a3f4078d11000a14637f,pagemarilyn2537@hotmail.com,Trevor Murphy,M
5986a51d840fe0000b234525,clarkthomas2758@gmail.com,Cynthia Walker,M
5986a9ea840fe0000b23452f,smithsamuel2684@shelton.com,Christopher Hall,M
5986addf078d11000a14639f,wisegary2500@silva.com,Benjamin Estrada,M
5986b486078d11000a1463aa,daviesjose2732@yahoo.com,Jay Fields,M
5986b4bd078d11000a1463ae,dpruitt2759@taylor-moreno.com,Nicole Woods,F
5986b688840fe0000b234549,lawrence412538@gmail.com,Juan Ortiz,M
5986b6b9078d11000a1463b4,barbara502760@hotmail.com,Jonathan Choi,M
5986bf2b078d11000a1463c7,kellyramsey2539@cook.com,William Young,F
5986c235840fe0000b234561,samanthamcgee2476@cox.info,,M
5986ccd7078d11000a1463e1,zpowers2647@warren.com,Paul Allen,F
5986d8e8078d11000a1463ea,millerkenneth2592@hotmail.com,Brian Foster,F
598979e3840fe0000b234938,liupatricia2771@hotmail.com,Melissa Vargas,M
598ee8595afffc0009f2df0b,vjohnson2841@cummings-castro.info,Rebecca Smith,F
598ef345a471e5000be0467f,plynch2936@gmail.com,Larry Arroyo,M
598f08b4a471e5000be0468a,richardmoore2864@pierce.com,Stacy Carter,F
598f0939a471e5000be0468e,smithwilliam2984@phelps-todd.info,Charles Guerrero,M
598f094aa471e5000be04692,lauralopez2810@brown-warner.com,Christine Williams,F
598f1bb55afffc0009f2df35,ftaylor2811@henry-king.org,Henry Wilkerson,F
598f227f5afffc0009f2df41,dford2865@hotmail.com,Jonathan Gomez,F
598f24ab5afffc0009f2df4f,lindamendoza2923@patel.com,,F
598f4e15a471e5000be046c4,cassidymccullough2812@simmons-kelley.com,Michele Cowan,F
598f9bc75afffc0009f2df67,richardtaylor2893@hotmail.com,Barbara Gilbert,M
598fa648a471e5000be046d2,jgross2967@banks.net,Brad Nguyen,F
598fb998a471e5000be046e5,nsavage2924@bishop-davis.com,Daniel Richards,M
598fba2a5afffc0009f2df77,sgray2797@copeland.info,Tiffany Arnold,M
598fbc44a471e5000be046f2,beth032968@hotmail.com,Dennis Pope,F
598fc2935afffc0009f2df99,edwinrose2781@gmail.com,James Jones,F
598fd11aa471e5000be04710,rparker2894@clark.com,Jennifer Martin,F
598fdc83a471e5000be04721,timothy552953@wilson.org,,F
598fe7ae5afffc0009f2dfbb,icohen2813@li.com,Linda Santiago,M
598ff9b5a471e5000be04746,colleengould2814@gmail.com,Monica Martin,M
598ffa02a471e5000be0474b,ubrown2895@jacobs.net,,F
598ffacf5afffc0009f2dfcd,robert452937@yahoo.com,Jamie Jones,F
598ffb66a471e5000be04754,heather322938@hotmail.com,Holly Kelley,F
599006515afffc0009f2dfe2,kellykeith2954@thomas-austin.org,,M
59900f70a471e5000be0478f,qsalazar2828@medina.biz,Connie Lynch,F
599014ea5afffc0009f2dffc,leonkenneth2842@yahoo.com,Ryan Pearson,M
599015805afffc0009f2e001,bmurray2829@mckee-parker.info,Joe Mendoza,F
59901db7a471e5000be047b1,dlester2815@yahoo.com,,M
59903560a471e5000be047ca,bradley972909@yahoo.com,Debra Brown,F
59903f495afffc0009f2e02a,thomasleon2910@cannon.org,,F
599042f55afffc0009f2e034,jamesrichardson2866@yahoo.com,Matthew Walker,F
599048ada471e5000be047e3,gonzalezsheila2852@gmail.com,Nancy Ford,F
599051735afffc0009f2e05b,emilyrodriguez2969@ashley.com,Amy May,M
5990526b5afffc0009f2e065,ernest672798@kennedy-williams.info,,F
59905450a471e5000be04805,mmueller2799@henderson-owens.com,Joseph Little,M
59905fcc5afffc0009f2e074,brownmark2939@gmail.com,Melissa Woodward,F
59906006a471e5000be0480b,rgalvan2867@cooper.com,Sara Robinson,M
599066e0a471e5000be04817,perezjason2816@gmail.com,Shawn Oliver,F
59906e6d5afffc0009f2e092,danielmitchell2985@hotmail.com,Joy Burns,M
599078795afffc0009f2e0a2,lwilliams2896@gibson.com,,F
59907b945afffc0009f2e0a6,zwilkins2876@yahoo.com,Kenneth Davis,M
5990ce155afffc0009f2e0cf,vpeterson2843@cooper.org,,M
5990f94ba471e5000be04836,jacob752830@knight.com,Robert Jackson,F
599100d4a471e5000be04842,linda512998@hopkins.com,,M
59911233a471e5000be04856,jose062986@hotmail.com,Sarah Mueller,M
59911f7da471e5000be0486f,jameswarren2987@gmail.com,,
599122fea471e5000be04873,yromero2897@graham.com,Karen Barker,F
5991254b5afffc0009f2e0f2,danieltaylor2911@simpson-cooley.com,,M
59912947a471e5000be04884,cward2940@lynch.biz,Jessica Little,F
59912f945afffc0009f2e105,eddieking2955@yahoo.com,Matthew Powers,F
59913163a471e5000be04893,opowell2853@yahoo.com,Theresa Rodriguez,M
599134dc5afffc0009f2e110,tweaver2854@martinez.info,Jill Krueger,F
59913536a471e5000be0489b,barbara002877@moreno.com,Keith Snyder,F
5992667e5afffc0009f2e252,sara833046@hotmail.com,,F
599275e2a471e5000be049bd,stephaniecarey3021@garza.com,Kelly Black,M
5992777fa471e5000be049c9,nicoleanderson3025@moon-oliver.com,Charles Contreras,M
599285345afffc0009f2e26d,jonathanbrooks3055@owen.com,Amy Reed,M
59928ff8a471e5000be049dc,david893009@black-salazar.com,,F
599297f2a471e5000be049e1,henryphillip3037@gmail.com,Jeanette Wilson,F
599299745afffc0009f2e290,zjackson3060@atkins-lawrence.com,Krista Jones,F
59929988a471e5000be049ef,blake833010@murphy-paul.com,Henry Carroll,M
59929e65a471e5000be04a03,smithandrew3036@yahoo.com,Eric Huff,M
59929f965afffc0009f2e2ac,ramirezdonna3039@hotmail.com,Marcus Bailey,M
5992a11ba471e5000be04a14,davisrobert3001@hotmail.com,,
5992a8c65afffc0009f2e2c9,kathleen693056@finley.com,Garrett Williams,M
5992c406a471e5000be04a46,qgardner3042@hotmail.com,,M
5992c4645afffc0009f2e2de,campbelldarlene3038@davis.com,Veronica Roberts,M
5992c4b15afffc0009f2e2e3,amyhall3047@yahoo.com,Teresa Ford,M
5992d6f2a471e5000be04a67,patricia473057@lee-hoffman.biz,Angela Meyer,M
5992dbe25afffc0009f2e310,stacythompson3011@hotmail.com,,M
5992ea3ca471e5000be04a7d,palmeranthony3008@yahoo.com,Morgan Lee,M
5992ea42a471e5000be04a81,kevingarcia3030@yahoo.com,Destiny Chavez,M
5992edb75afffc0009f2e325,reginaldstone3000@keller-morton.com,Gregory Gonzalez,F
5992f0195afffc0009f2e332,hebertbrett3048@jones.com,Wesley Wade,F
5992f0405afffc0009f2e336,crawforddennis3012@yahoo.com,Kim Clark,M
