id,full_name,gender,first_name,last_name
59866fb8840fe0000b234493,Robert Sanders,M,Robert,Sanders
59867137078d11000a1462e2,Michael Stone,F,Michael,Stone
598678c9840fe0000b2344b1,Henry Nelson,F,Henry,Nelson
59867b37078d11000a1462fb,Stacy Thomas,M,Stacy,Thomas
59867ba8078d11000a146300,Sarah Avila,F,Sarah,Avila
59867dd0078d11000a146310,Stephen Anderson,F,Stephen,Anderson
598683ac078d11000a14631e,,F,,
598687ba840fe0000b2344e5,Whitney Sexton,F,Whitney,Sexton
59869008078d11000a146335,Robert Jimenez,M,Robert,Jimenez
59869064078d11000a146339,Emily Jackson,F,Emily,Jackson
598693c7078d11000a14633f,Drew Nichols,F,Drew,Nichols
59869957078d11000a146357,Luis Hanson,M,Luis,Hanson
598699c8078d11000a14635d,Shane Adams,F,Shane,Adams
5986a3f4078d11000a14637f,Trevor Murphy,M,Trevor,Murphy
5986a51d840fe0000b234525,Cynthia Walker,M,Cynthia,Walker
5986a9ea840fe0000b23452f,Christopher Hall,M,Christopher,Hall
5986addf078d11000a14639f,Benjamin Estrada,M,Benjamin,Estrada
5986b486078d11000a1463aa,Jay Fields,M,Jay,Fields
5986b4bd078d11000a1463ae,Nicole Woods,F,Nicole,Woods
5986b688840fe0000b234549,Juan Ortiz,M,Juan,Ortiz
5986b6b9078d11000a1463b4,Jonathan Choi,M,Jonathan,Choi
5986bf2b078d11000a1463c7,William Young,F,William,Young
5986c235840fe0000b234561,,M,,
5986ccd7078d11000a1463e1,Paul Allen,F,Paul,Allen
5986d8e8078d11000a1463ea,Brian Foster,F,Brian,Foster
598979e3840fe0000b234938,Melissa Vargas,M,Melissa,Vargas
598ee8595afffc0009f2df0b,Rebecca Smith,F,Rebecca,Smith
598ef345a471e5000be0467f,Larry Arroyo,M,Larry,Arroyo
598f08b4a471e5000be0468a,Stacy Carter,F,Stacy,Carter
598f0939a471e5000be0468e,Charles Guerrero,M,Charles,Guerrero
598f094aa471e5000be04692,Christine Williams,F,Christine,Williams
598f1bb55afffc0009f2df35,Henry Wilkerson,F,Henry,Wilkerson
598f227f5afffc0009f2df41,Jonathan Gomez,F,Jonathan,Gomez
598f24ab5afffc0009f2df4f,,F,,
598f4e15a471e5000be046c4,Michele Cowan,F,Michele,Cowan
598f9bc75afffc0009f2df67,Barbara Gilbert,M,Barbara,Gilbert
598fa648a471e5000be046d2,Brad Nguyen,F,Brad,Nguyen
598fb998a471e5000be046e5,Daniel Richards,M,Daniel,Richards
598fba2a5afffc0009f2df77,Tiffany Arnold,M,Tiffany,Arnold
598fbc44a471e5000be046f2,Dennis Pope,F,Dennis,Pope
598fc2935afffc0009f2df99,James Jones,F,James,Jones
598fd11aa471e5000be04710,Jennifer Martin,F,Jennifer,Martin
598fdc83a471e5000be04721,,F,,
598fe7ae5afffc0009f2dfbb,Linda Santiago,M,Linda,Santiago
598ff9b5a471e5000be04746,Monica Martin,M,Monica,Martin
598ffa02a471e5000be0474b,,F,,
598ffacf5afffc0009f2dfcd,Jamie Jones,F,Jamie,Jones
598ffb66a471e5000be04754,Holly Kelley,F,Holly,Kelley
599006515afffc0009f2dfe2,,M,,
59900f70a471e5000be0478f,Connie Lynch,F,Connie,Lynch
599014ea5afffc0009f2dffc,Ryan Pearson,M,Ryan,Pearson
599015805afffc0009f2e001,Joe Mendoza,F,Joe,Mendoza
59901db7a471e5000be047b1,,M,,
59903560a471e5000be047ca,Debra Brown,F,Debra,Brown
59903f495afffc0009f2e02a,,F,,
599042f55afffc0009f2e034,Matthew Walker,F,Matthew,Walker
599048ada471e5000be047e3,Nancy Ford,F,Nancy,Ford
599051735afffc0009f2e05b,Amy May,M,Amy,May
5990526b5afffc0009f2e065,,F,,
59905450a471e5000be04805,Joseph Little,M,Joseph,Little
59905fcc5afffc0009f2e074,Melissa Woodward,F,Melissa,Woodward
59906006a471e5000be0480b,Sara Robinson,M,Sara,Robinson
599066e0a471e5000be04817,Shawn Oliver,F,Shawn,Oliver
59906e6d5afffc0009f2e092,Joy Burns,M,Joy,Burns
599078795afffc0009f2e0a2,,F,,
59907b945afffc0009f2e0a6,Kenneth Davis,M,Kenneth,Davis
5990ce155afffc0009f2e0cf,,M,,
5990f94ba471e5000be04836,Robert Jackson,F,Robert,Jackson
599100d4a471e5000be04842,,M,,
59911233a471e5000be04856,Sarah Mueller,M,Sarah,Mueller
59911f7da471e5000be0486f,,,,
599122fea471e5000be04873,Karen Barker,F,Karen,Barker
5991254b5afffc0009f2e0f2,,M,,
59912947a471e5000be04884,Jessica Little,F,Jessica,Little
59912f945afffc0009f2e105,Matthew Powers,F,Matthew,Powers
59913163a471e5000be04893,Theresa Rodriguez,M,Theresa,Rodriguez
599134dc5afffc0009f2e110,Jill Krueger,F,Jill,Krueger
59913536a471e5000be0489b,Keith Snyder,F,Keith,Snyder
5992667e5afffc0009f2e252,,F,,
599275e2a471e5000be049bd,Kelly Black,M,Kelly,Black
5992777fa471e5000be049c9,Charles Contreras,M,Charles,Contreras
599285345afffc0009f2e26d,Amy Reed,M,Amy,Reed
59928ff8a471e5000be049dc,,F,,
599297f2a471e5000be049e1,Jeanette Wilson,F,Jeanette,Wilson
599299745afffc0009f2e290,Krista Jones,F,Krista,Jones
59929988a471e5000be049ef,Henry Carroll,M,Henry,Carroll
59929e65a471e5000be04a03,Eric Huff,M,Eric,Huff
59929f965afffc0009f2e2ac,Marcus Bailey,M,Marcus,Bailey
5992a11ba471e5000be04a14,,,,
5992a8c65afffc0009f2e2c9,Garrett Williams,M,Garrett,Williams
5992c406a471e5000be04a46,,M,,
5992c4645afffc0009f2e2de,Veronica Roberts,M,Veronica,Roberts
5992c4b15afffc0009f2e2e3,Teresa Ford,M,Teresa,Ford
5992d6f2a471e5000be04a67,Angela Meyer,M,Angela,Meyer
5992dbe25afffc0009f2e310,,M,,
5992ea3ca471e5000be04a7d,Morgan Lee,M,Morgan,Lee
5992ea42a471e5000be04a81,Destiny Chavez,M,Destiny,Chavez
5992edb75afffc0009f2e325,Gregory Gonzalez,F,Gregory,Gonzalez
5992f0195afffc0009f2e332,Wesley Wade,F,Wesley,Wade
5992f0405afffc0009f2e336,Kim Clark,M,Kim,Clark
